{
    "gpt-4.1": {
        "input": 0.000002,
        "output": 0.000008
    },
    "gpt-4o": {
        "input": 0.0000025,
        "output": 0.00001
    },
    "gpt-4": {
        "input": 0.00003,
        "output": 0.00006
    },
    "gpt-4-turbo": {
       "input": 0.00001,
        "output": 0.00003
    },
    "gpt-3.5-turbo": {
        "input": 0.0000005,
        "output": 0.0000015
    },
    "gpt-4.1-mini": {
        "input": 0.0000004,
        "output": 0.0000016
    },
    "gpt-4o-mini": {
        "input": 0.00000015,
        "output": 0.0000006
    },
    "gpt-4.1-nano": {
        "input": 0.0000001,
        "output": 0.0000004
    },
    "o3": {
        "input": 0.000002,
        "output": 0.000008
    },
    "o3-pro": {
        "input": 0.00002,
        "output": 0.00008
    },
    "o3-mini": {
        "input": 0.0000011,
        "output": 0.0000044
    },
    "o4-mini": {
        "input": 0.0000011,
        "output": 0.0000044
    },
    "anthropic.claude-3-7-sonnet": {
        "input": 0.000003,
        "output": 0.000015
    },
    "anthropic.claude-3-5-sonnet": {
        "input": 0.000003,
        "output": 0.000015
    },
    "anthropic.claude-3-5-haiku": {
        "input": 0.0000008,
        "output": 0.000004
    },
    "anthropic.claude-3-haiku": {
        "input": 0.00000025,
        "output": 0.00000125
    },
    "amazon.nova-micro-v1:0": {
        "input": 0.000000035,
        "output": 0.00000014
    },
    "amazon.nova-lite-v1:0": {
        "input": 0.00000006,
        "output": 0.00000024
    },
    "amazon.nova-pro-v1:0": {
        "input": 0.00000045,
        "output": 0.0000018
    },
    "deepseek.r1-v1:0": {
        "input": 0.00000014,
        "output": 0.0000007
    },
    "mistral.pixtral-large-2502-v1:0": {
        "input": 0.000001,
        "output": 0.000003
    },
    "meta.llama3-1-8b-instruct-v1:0": {
        "input": 0.00000015,
        "output": 0.0000006
    },
    "meta.llama3-1-70b-instruct-v1:0": {
        "input": 0.00000075,
        "output": 0.000003
    },
    "meta.llama3-2-11b-instruct-v1:0": {
        "input": 0.0000002,
        "output": 0.0000008
    },
    "text-embedding-3-small": {
        "input": 0.00000002,
        "output": 0
    },
    "text-embedding-3-large": {
        "input": 0.00000013,
        "output": 0
    },
    "text-embedding-ada-002": {
        "input": 0.0000001,
        "output": 0
    },
    "amazon.titan-embed-text-v2:0": {
        "input": 0.00000012,
        "output": 0
    },
    "gemini-2.5-flash-lite": {
        "input": 0.0000001,
        "output": 0.0000004
    },
    "gemini-2.0-flash": {
        "input": 0.0000001,
        "output": 0.0000004
    },
    "gemini-2.0-flash-lite": {
        "input": 0.000000075,
        "output": 0.0000003
    },
    "gemini-embedding-001": {
        "input": 0.00000015,
        "output": 0
    },
    "llama3.1:8b": {
        "input": 0,
        "output": 0
    },
    "llama3.1:70b": {
        "input": 0,
        "output": 0
    },
    "llama3:8b": {
        "input": 0,
        "output": 0
    },
    "mistral:7b": {
        "input": 0,
        "output": 0
    },
    "mixtral:8x7b": {
        "input": 0,
        "output": 0
    },
    "qwen2.5:7b": {
        "input": 0,
        "output": 0
    },
    "qwen2.5:14b": {
        "input": 0,
        "output": 0
    },
    "phi3:14b": {
        "input": 0,
        "output": 0
    },
    "gemma2:9b": {
        "input": 0,
        "output": 0
    },
    "gemma2:27b": {
        "input": 0,
        "output": 0
    },
    "nomic-embed-text": {
        "input": 0,
        "output": 0
    },
    "mxbai-embed-large": {
        "input": 0,
        "output": 0
    },
    "all-minilm": {
        "input": 0,
        "output": 0
    },
    "snowflake-arctic-embed": {
        "input": 0,
        "output": 0
    }
}
